{
  "Buleom": 421412.0,
  "Defylu": 379190.0,
  "Nkiaog": 249904.04227815376,
  "Kmzoya": 289298.0,
  "Quoxav": 389726.0,
  "Dyocuv": 711790.7181741318,
  "Peuomr": 273065.0
}